State,Year,Cause Name,Deaths
New Hampshire,2013,CLRD,668
South Dakota,2013,Cancer,1577
United States,2013,Stroke,128978
Nebraska,2013,All causes,15754
Michigan,2013,Alzheimer's disease,3220
Tennessee,2013,Kidney disease,1068
New Hampshire,2013,Cancer,2584
Texas,2013,Unintentional injuries,9395
Michigan,2013,Suicide,1295
Hawaii,2013,Suicide,171
Nevada,2013,Stroke,905
Kentucky,2013,Stroke,1990
Nevada,2013,Cancer,4817
Nevada,2013,Kidney disease,370
Nevada,2013,Alzheimer's disease,448
Nevada,2013,Influenza and pneumonia,513
Georgia,2013,Influenza and pneumonia,1494
South Dakota,2013,Alzheimer's disease,418
Georgia,2013,Cancer,16417
Nevada,2013,Suicide,541
Georgia,2013,Heart disease,16550
Utah,2013,Unintentional injuries,1103
Georgia,2013,Diabetes,2199
Georgia,2013,Suicide,1212
Nevada,2013,All causes,21468
Georgia,2013,Unintentional injuries,3727
Georgia,2013,Stroke,3694
Washington,2013,Suicide,1027
Michigan,2013,Stroke,4373
Michigan,2013,Unintentional injuries,4225
Tennessee,2013,Heart disease,14803
Washington,2013,Unintentional injuries,2826
Washington,2013,Influenza and pneumonia,768
Washington,2013,Stroke,2652
Washington,2013,Kidney disease,461
Georgia,2013,CLRD,4172
Hawaii,2013,Kidney disease,209
Georgia,2013,All causes,75088
Hawaii,2013,Alzheimer's disease,260
South Dakota,2013,CLRD,416
Michigan,2013,Cancer,20367
Nevada,2013,Diabetes,424
Kentucky,2013,Influenza and pneumonia,919
Hawaii,2013,Influenza and pneumonia,457
Washington,2013,Diabetes,1616
Nevada,2013,Unintentional injuries,1184
Nevada,2013,CLRD,1482
Hawaii,2013,Stroke,634
South Dakota,2013,Diabetes,237
Hawaii,2013,Heart disease,2521
Georgia,2013,Alzheimer's disease,2048
Georgia,2013,Kidney disease,1652
Michigan,2013,Heart disease,24156
Nevada,2013,Heart disease,5434
Maine,2013,Influenza and pneumonia,258
Kentucky,2013,Heart disease,9971
Indiana,2013,Influenza and pneumonia,1132
Vermont,2013,All causes,5639
Kansas,2013,Alzheimer's disease,742
Vermont,2013,Stroke,260
Mississippi,2013,Suicide,388
Texas,2013,Diabetes,5273
Kansas,2013,CLRD,1673
Texas,2013,All causes,179183
Texas,2013,Influenza and pneumonia,3339
Mississippi,2013,Heart disease,7715
Mississippi,2013,Alzheimer's disease,925
Iowa,2013,Influenza and pneumonia,761
Mississippi,2013,Influenza and pneumonia,769
Mississippi,2013,Unintentional injuries,1692
Mississippi,2013,Stroke,1500
Minnesota,2013,Stroke,2073
Indiana,2013,Alzheimer's disease,2104
Indiana,2013,Unintentional injuries,2898
Indiana,2013,Cancer,13258
Indiana,2013,Heart disease,13773
Illinois,2013,Influenza and pneumonia,2441
Indiana,2013,Diabetes,1943
Indiana,2013,Stroke,2996
Indiana,2013,CLRD,4266
Tennessee,2013,Unintentional injuries,3540
Indiana,2013,Kidney disease,1352
Vermont,2013,Kidney disease,30
Missouri,2013,All causes,57444
Tennessee,2013,CLRD,3904
Indiana,2013,All causes,60716
Missouri,2013,Unintentional injuries,2981
Missouri,2013,Suicide,960
Missouri,2013,CLRD,3798
Kansas,2013,All causes,25414
Vermont,2013,Influenza and pneumonia,77
Missouri,2013,Kidney disease,1305
Indiana,2013,Suicide,944
Texas,2013,Stroke,9283
Vermont,2013,Alzheimer's disease,269
Iowa,2013,Alzheimer's disease,1252
Iowa,2013,Stroke,1409
Iowa,2013,Cancer,6509
Vermont,2013,Cancer,1318
Iowa,2013,Heart disease,6995
Iowa,2013,Kidney disease,369
Texas,2013,Suicide,3059
Kansas,2013,Diabetes,654
Texas,2013,Cancer,38412
Minnesota,2013,Suicide,678
Kansas,2013,Influenza and pneumonia,715
Minnesota,2013,Unintentional injuries,2405
Vermont,2013,Unintentional injuries,352
Kansas,2013,Stroke,1320
Minnesota,2013,Kidney disease,653
Kansas,2013,Unintentional injuries,1359
Minnesota,2013,Heart disease,7714
Minnesota,2013,Cancer,9601
Minnesota,2013,Alzheimer's disease,1427
Texas,2013,Kidney disease,3722
Missouri,2013,Diabetes,1477
Minnesota,2013,CLRD,2287
Mississippi,2013,All causes,30703
Iowa,2013,Diabetes,747
Texas,2013,CLRD,9800
Texas,2013,Alzheimer's disease,5293
Mississippi,2013,Kidney disease,731
Minnesota,2013,All causes,40987
Iowa,2013,Suicide,447
Iowa,2013,CLRD,1892
Vermont,2013,CLRD,353
Kansas,2013,Heart disease,5364
Mississippi,2013,Diabetes,1071
Mississippi,2013,CLRD,1755
Vermont,2013,Diabetes,139
Vermont,2013,Heart disease,1220
Mississippi,2013,Cancer,6527
Iowa,2013,Unintentional injuries,1422
Iowa,2013,All causes,28948
Minnesota,2013,Diabetes,1163
Vermont,2013,Suicide,112
Missouri,2013,Stroke,2935
Missouri,2013,Cancer,12955
Illinois,2013,Diabetes,2798
Michigan,2013,All causes,92408
Tennessee,2013,Influenza and pneumonia,1564
Nebraska,2013,Suicide,220
Idaho,2013,Alzheimer's disease,347
Virginia,2013,Alzheimer's disease,1642
Michigan,2013,Kidney disease,1660
Nebraska,2013,CLRD,1032
Idaho,2013,All causes,12434
Tennessee,2013,Cancer,13953
Nebraska,2013,Heart disease,3381
Tennessee,2013,Diabetes,1827
Virginia,2013,Heart disease,13663
Virginia,2013,Influenza and pneumonia,1442
Virginia,2013,Suicide,1072
Idaho,2013,Suicide,308
Idaho,2013,Kidney disease,148
Idaho,2013,Heart disease,2495
Michigan,2013,Diabetes,2825
Idaho,2013,CLRD,808
Nebraska,2013,Alzheimer's disease,557
Nebraska,2013,Diabetes,471
Kentucky,2013,Kidney disease,991
Nebraska,2013,Unintentional injuries,703
Nebraska,2013,Kidney disease,222
Hawaii,2013,Unintentional injuries,467
Tennessee,2013,All causes,63406
Kentucky,2013,Cancer,10085
Hawaii,2013,CLRD,279
Hawaii,2013,Cancer,2332
Tennessee,2013,Suicide,1030
Nebraska,2013,Stroke,820
Nebraska,2013,Cancer,3459
Virginia,2013,Diabetes,1626
Hawaii,2013,All causes,10505
Virginia,2013,Kidney disease,1547
Michigan,2013,CLRD,5539
Kentucky,2013,Diabetes,1187
Nebraska,2013,Influenza and pneumonia,343
Virginia,2013,Cancer,14414
Hawaii,2013,Diabetes,271
Kentucky,2013,Unintentional injuries,2513
Montana,2013,Kidney disease,130
Virginia,2013,CLRD,3181
Illinois,2013,Cancer,24491
Montana,2013,Stroke,480
Montana,2013,Diabetes,250
Montana,2013,Alzheimer's disease,267
Illinois,2013,Heart disease,24839
Illinois,2013,All causes,103401
Illinois,2013,Stroke,5294
Montana,2013,Influenza and pneumonia,210
Missouri,2013,Heart disease,14095
Missouri,2013,Influenza and pneumonia,1352
Illinois,2013,Unintentional injuries,4511
Utah,2013,CLRD,718
Illinois,2013,Alzheimer's disease,2919
Texas,2013,Heart disease,40203
Illinois,2013,Kidney disease,2444
Missouri,2013,Alzheimer's disease,2026
Tennessee,2013,Stroke,3157
Idaho,2013,Influenza and pneumonia,259
Illinois,2013,Suicide,1321
Montana,2013,Unintentional injuries,623
Kansas,2013,Suicide,425
Virginia,2013,Unintentional injuries,2951
Kansas,2013,Cancer,5379
Montana,2013,CLRD,647
Michigan,2013,Influenza and pneumonia,1896
Montana,2013,All causes,9511
Idaho,2013,Diabetes,404
Idaho,2013,Stroke,598
Montana,2013,Cancer,1997
Idaho,2013,Unintentional injuries,776
Idaho,2013,Cancer,2707
Virginia,2013,Stroke,3287
Montana,2013,Heart disease,2004
Tennessee,2013,Alzheimer's disease,2536
Utah,2013,Heart disease,3323
Utah,2013,Alzheimer's disease,412
Illinois,2013,CLRD,5532
Virginia,2013,All causes,62716
Montana,2013,Suicide,243
Minnesota,2013,Influenza and pneumonia,751
New Hampshire,2013,Unintentional injuries,619
Ohio,2013,Unintentional injuries,5497
Arkansas,2013,Diabetes,835
United States,2013,Kidney disease,47112
Arkansas,2013,Influenza and pneumonia,794
Maine,2013,Cancer,3227
Arkansas,2013,Heart disease,7377
Wisconsin,2013,Unintentional injuries,2969
North Dakota,2013,Kidney disease,117
North Dakota,2013,Diabetes,197
Maine,2013,Suicide,245
North Dakota,2013,CLRD,331
North Dakota,2013,All causes,6233
Arkansas,2013,Cancer,6688
Rhode Island,2013,Cancer,2326
North Dakota,2013,Unintentional injuries,326
Maryland,2013,Stroke,2315
Wisconsin,2013,Alzheimer's disease,1671
Arkansas,2013,CLRD,2090
North Dakota,2013,Cancer,1286
Ohio,2013,Cancer,24986
Rhode Island,2013,Alzheimer's disease,346
Arkansas,2013,Alzheimer's disease,918
Arkansas,2013,Kidney disease,762
Arizona,2013,Alzheimer's disease,2383
Arizona,2013,Cancer,11347
Ohio,2013,Suicide,1526
Ohio,2013,Influenza and pneumonia,2374
Wisconsin,2013,CLRD,2789
Rhode Island,2013,Suicide,132
Maryland,2013,Suicide,569
Ohio,2013,Alzheimer's disease,3798
Arizona,2013,Heart disease,10755
Rhode Island,2013,Influenza and pneumonia,195
Arkansas,2013,Suicide,516
United States,2013,Heart disease,611105
Ohio,2013,Kidney disease,1985
Rhode Island,2013,CLRD,476
Ohio,2013,Stroke,5690
Arkansas,2013,All causes,30437
Ohio,2013,All causes,113258
Arkansas,2013,Unintentional injuries,1373
Ohio,2013,CLRD,7007
Maryland,2013,Alzheimer's disease,919
Ohio,2013,Diabetes,3563
Maryland,2013,Diabetes,1249
Maine,2013,All causes,13547
California,2013,Diabetes,8057
California,2013,All causes,248359
Wisconsin,2013,Influenza and pneumonia,1125
North Carolina,2013,Influenza and pneumonia,1931
California,2013,Suicide,4025
Massachusetts,2013,Cancer,12858
California,2013,Influenza and pneumonia,6551
Wisconsin,2013,Heart disease,11362
New Hampshire,2013,Suicide,185
Massachusetts,2013,Heart disease,12023
Colorado,2013,Influenza and pneumonia,606
Louisiana,2013,Influenza and pneumonia,892
Colorado,2013,Heart disease,6456
North Carolina,2013,CLRD,4987
Louisiana,2013,All causes,43270
North Carolina,2013,All causes,83329
Louisiana,2013,Unintentional injuries,2333
Massachusetts,2013,Unintentional injuries,2393
North Carolina,2013,Alzheimer's disease,2872
Massachusetts,2013,Stroke,2354
California,2013,Cancer,57714
California,2013,Alzheimer's disease,11891
Maryland,2013,Kidney disease,737
Rhode Island,2013,Unintentional injuries,537
North Dakota,2013,Heart disease,1382
North Dakota,2013,Alzheimer's disease,363
Rhode Island,2013,Diabetes,258
Wisconsin,2013,All causes,50026
California,2013,Heart disease,60299
Pennsylvania,2013,Unintentional injuries,6359
Maryland,2013,CLRD,2051
Wisconsin,2013,Stroke,2536
Utah,2013,Suicide,579
Arkansas,2013,Stroke,1637
California,2013,Stroke,13698
North Dakota,2013,Stroke,306
Maine,2013,Kidney disease,252
Rhode Island,2013,All causes,9792
Rhode Island,2013,Kidney disease,149
Utah,2013,Diabetes,578
Utah,2013,Cancer,2971
California,2013,Unintentional injuries,11538
North Dakota,2013,Influenza and pneumonia,134
North Dakota,2013,Suicide,128
California,2013,CLRD,13598
Ohio,2013,Heart disease,26878
Arizona,2013,Kidney disease,374
Arizona,2013,Stroke,2162
United States,2013,Cancer,584881
Pennsylvania,2013,Alzheimer's disease,3271
Oregon,2013,Suicide,698
United States,2013,CLRD,149205
Pennsylvania,2013,Influenza and pneumonia,2884
Oregon,2013,Cancer,7799
Alabama,2013,Stroke,2604
Wyoming,2013,Suicide,129
Alaska,2013,Heart disease,706
Maine,2013,CLRD,902
Wyoming,2013,Alzheimer's disease,126
Maine,2013,Diabetes,373
Pennsylvania,2013,All causes,129123
Wyoming,2013,Influenza and pneumonia,112
Alaska,2013,Unintentional injuries,353
Pennsylvania,2013,Stroke,6604
Wyoming,2013,CLRD,387
Alaska,2013,Kidney disease,49
United States,2013,Unintentional injuries,130557
Alabama,2013,Unintentional injuries,2329
Alabama,2013,Heart disease,12472
Alabama,2013,Influenza and pneumonia,1035
Maine,2013,Alzheimer's disease,401
Wyoming,2013,Unintentional injuries,325
Alabama,2013,Alzheimer's disease,1398
Pennsylvania,2013,CLRD,6716
Alabama,2013,Cancer,10328
Alabama,2013,CLRD,3043
Alabama,2013,All causes,50189
Alabama,2013,Suicide,721
Oregon,2013,Alzheimer's disease,1312
Alabama,2013,Kidney disease,1057
United States,2013,Alzheimer's disease,84767
Oregon,2013,Influenza and pneumonia,496
Oregon,2013,All causes,33939
Oregon,2013,Diabetes,1109
Maryland,2013,Heart disease,11244
Alabama,2013,Diabetes,1349
Oregon,2013,Unintentional injuries,1755
United States,2013,Diabetes,75578
Oregon,2013,Stroke,1775
Pennsylvania,2013,Diabetes,3804
Wyoming,2013,Diabetes,89
Oregon,2013,CLRD,2029
Maryland,2013,Cancer,10609
Oregon,2013,Heart disease,6523
Oregon,2013,Kidney disease,327
Maryland,2013,Unintentional injuries,1732
Pennsylvania,2013,Heart disease,31629
Arizona,2013,Influenza and pneumonia,776
Rhode Island,2013,Heart disease,2364
Arizona,2013,CLRD,3345
Wyoming,2013,All causes,4516
Maine,2013,Heart disease,2807
Arizona,2013,All causes,50534
Oklahoma,2013,Suicide,665
Oklahoma,2013,Cancer,8039
Arizona,2013,Unintentional injuries,3349
Wyoming,2013,Kidney disease,56
Arizona,2013,Diabetes,1786
Maine,2013,Stroke,620
Arizona,2013,Suicide,1163
Utah,2013,Kidney disease,312
Oklahoma,2013,Unintentional injuries,2474
Rhode Island,2013,Stroke,397
Oklahoma,2013,CLRD,2680
Maryland,2013,Influenza and pneumonia,1103
Oklahoma,2013,Heart disease,9721
Colorado,2013,Unintentional injuries,2422
Alaska,2013,Cancer,1016
Alaska,2013,Stroke,189
Oklahoma,2013,Stroke,1880
Oklahoma,2013,Alzheimer's disease,1145
Oklahoma,2013,Diabetes,1269
Oklahoma,2013,Influenza and pneumonia,759
Alaska,2013,Diabetes,112
Alaska,2013,Alzheimer's disease,72
Wyoming,2013,Heart disease,939
Pennsylvania,2013,Suicide,1788
Maryland,2013,All causes,45689
Alaska,2013,All causes,3997
Pennsylvania,2013,Cancer,28512
Alaska,2013,CLRD,197
Wyoming,2013,Cancer,946
Alaska,2013,Influenza and pneumonia,66
Oklahoma,2013,All causes,38384
Maine,2013,Unintentional injuries,644
Alaska,2013,Suicide,171
United States,2013,All causes,2596993
Wyoming,2013,Stroke,213
Oklahoma,2013,Kidney disease,606
Pennsylvania,2013,Kidney disease,2767
Colorado,2013,CLRD,2297
California,2013,Kidney disease,2840
Wisconsin,2013,Kidney disease,993
New Jersey,2013,Cancer,16315
West Virginia,2013,Alzheimer's disease,590
Delaware,2013,Cancer,1905
Delaware,2013,Heart disease,1861
District of Columbia,2013,CLRD,150
District of Columbia,2013,Heart disease,1340
Kansas,2013,Kidney disease,594
New Jersey,2013,Unintentional injuries,3028
New Jersey,2013,Influenza and pneumonia,1356
Massachusetts,2013,Alzheimer's disease,1699
New Jersey,2013,Stroke,3456
District of Columbia,2013,Unintentional injuries,216
New Jersey,2013,CLRD,3245
Massachusetts,2013,All causes,54567
New Jersey,2013,All causes,71403
New Jersey,2013,Alzheimer's disease,1812
South Dakota,2013,Kidney disease,64
District of Columbia,2013,Cancer,1095
New Jersey,2013,Heart disease,18460
United States,2013,Suicide,41149
Massachusetts,2013,Influenza and pneumonia,1551
Delaware,2013,CLRD,482
Delaware,2013,Unintentional injuries,412
New Mexico,2013,Cancer,3482
Delaware,2013,Suicide,122
West Virginia,2013,Suicide,323
Delaware,2013,Stroke,409
Delaware,2013,All causes,7967
New Mexico,2013,Stroke,689
New Mexico,2013,Diabetes,646
West Virginia,2013,Unintentional injuries,1395
Louisiana,2013,CLRD,2274
Delaware,2013,Alzheimer's disease,192
South Carolina,2013,Heart disease,9648
New Mexico,2013,Influenza and pneumonia,337
New Mexico,2013,Alzheimer's disease,339
Louisiana,2013,Cancer,9419
Utah,2013,Influenza and pneumonia,413
West Virginia,2013,CLRD,1590
Massachusetts,2013,Diabetes,1142
New Mexico,2013,Suicide,431
New Mexico,2013,Unintentional injuries,1245
New Mexico,2013,All causes,16805
Delaware,2013,Influenza and pneumonia,150
District of Columbia,2013,Stroke,187
New Jersey,2013,Diabetes,2043
New Hampshire,2013,Kidney disease,175
Washington,2013,Alzheimer's disease,3277
New Hampshire,2013,Influenza and pneumonia,226
New Hampshire,2013,Diabetes,310
Kentucky,2013,All causes,43759
Florida,2013,Suicide,2928
New Hampshire,2013,Stroke,441
Washington,2013,Heart disease,10524
South Dakota,2013,Heart disease,1630
South Dakota,2013,Stroke,418
Florida,2013,Kidney disease,3130
New Hampshire,2013,Heart disease,2434
Florida,2013,Unintentional injuries,8736
South Dakota,2013,Unintentional injuries,425
South Dakota,2013,Suicide,147
Florida,2013,CLRD,11379
Florida,2013,Stroke,8698
Florida,2013,Diabetes,5238
Kentucky,2013,CLRD,3187
Kentucky,2013,Suicide,701
District of Columbia,2013,Alzheimer's disease,130
Kentucky,2013,Alzheimer's disease,1462
Florida,2013,Heart disease,42656
District of Columbia,2013,Diabetes,108
District of Columbia,2013,All causes,4719
Washington,2013,CLRD,2933
District of Columbia,2013,Kidney disease,54
Washington,2013,Cancer,11928
New Jersey,2013,Kidney disease,1400
Massachusetts,2013,Kidney disease,1261
New Jersey,2013,Suicide,757
District of Columbia,2013,Suicide,38
South Dakota,2013,Influenza and pneumonia,184
District of Columbia,2013,Influenza and pneumonia,83
Louisiana,2013,Diabetes,1329
South Dakota,2013,All causes,7099
New Hampshire,2013,All causes,10897
Florida,2013,Cancer,42735
Florida,2013,Alzheimer's disease,5093
Washington,2013,All causes,51264
Florida,2013,Influenza and pneumonia,2662
New Hampshire,2013,Alzheimer's disease,351
Florida,2013,All causes,181112
New Mexico,2013,Kidney disease,302
Delaware,2013,Kidney disease,178
New Mexico,2013,Heart disease,3425
Connecticut,2013,Diabetes,664
Connecticut,2013,Suicide,330
New York,2013,Heart disease,44039
West Virginia,2013,Heart disease,4666
Louisiana,2013,Heart disease,10346
New York,2013,Stroke,6176
United States,2013,Influenza and pneumonia,56979
Connecticut,2013,Alzheimer's disease,824
New York,2013,Cancer,35738
Louisiana,2013,Alzheimer's disease,1505
South Carolina,2013,Suicide,696
Louisiana,2013,Suicide,583
South Carolina,2013,Alzheimer's disease,1623
Massachusetts,2013,CLRD,2572
Connecticut,2013,CLRD,1348
Connecticut,2013,All causes,29632
New York,2013,Alzheimer's disease,2556
South Carolina,2013,Influenza and pneumonia,747
New York,2013,CLRD,7110
West Virginia,2013,Stroke,983
New York,2013,Suicide,1687
Louisiana,2013,Stroke,2098
North Carolina,2013,Stroke,4503
Colorado,2013,Alzheimer's disease,1316
Colorado,2013,Cancer,7357
Wisconsin,2013,Cancer,11425
Wisconsin,2013,Diabetes,1285
Wisconsin,2013,Suicide,850
South Carolina,2013,Cancer,9745
Colorado,2013,Kidney disease,450
North Carolina,2013,Suicide,1284
Colorado,2013,Suicide,1007
Colorado,2013,Stroke,1588
North Carolina,2013,Cancer,18589
Colorado,2013,All causes,33712
Massachusetts,2013,Suicide,572
West Virginia,2013,All causes,21843
North Carolina,2013,Unintentional injuries,4324
North Carolina,2013,Heart disease,17830
Colorado,2013,Diabetes,788
North Carolina,2013,Kidney disease,1780
South Carolina,2013,Unintentional injuries,2287
North Carolina,2013,Diabetes,2402
Connecticut,2013,Stroke,1348
South Carolina,2013,CLRD,2756
South Carolina,2013,Stroke,2508
New York,2013,Influenza and pneumonia,4892
Connecticut,2013,Cancer,6619
South Carolina,2013,Kidney disease,869
West Virginia,2013,Cancer,4718
New York,2013,Kidney disease,2285
Utah,2013,All causes,16366
West Virginia,2013,Diabetes,841
Connecticut,2013,Unintentional injuries,1582
Louisiana,2013,Kidney disease,1108
Utah,2013,Stroke,836
South Carolina,2013,All causes,44582
West Virginia,2013,Influenza and pneumonia,481
New Mexico,2013,CLRD,1052
Connecticut,2013,Influenza and pneumonia,604
Connecticut,2013,Heart disease,7090
South Carolina,2013,Diabetes,1240
New York,2013,Unintentional injuries,5927
West Virginia,2013,Kidney disease,450
New York,2013,All causes,150919
Delaware,2013,Diabetes,218
New York,2013,Diabetes,4094
Connecticut,2013,Kidney disease,565
Utah,2014,Alzheimer's disease,584
Maine,2014,Stroke,628
Maine,2014,Diabetes,414
Kansas,2014,Kidney disease,569
Louisiana,2014,Influenza and pneumonia,854
Maine,2014,Heart disease,2776
Kentucky,2014,Suicide,728
Louisiana,2014,Alzheimer's disease,1670
Kansas,2014,CLRD,1673
Utah,2014,Diabetes,570
Kentucky,2014,CLRD,3214
Maine,2014,Unintentional injuries,690
Kansas,2014,Influenza and pneumonia,637
Maine,2014,CLRD,896
Vermont,2014,All causes,5623
Kentucky,2014,Heart disease,10013
Kansas,2014,Diabetes,643
Louisiana,2014,Suicide,679
Utah,2014,All causes,16719
Kansas,2014,All causes,25793
Utah,2014,Heart disease,3431
United States,2014,Unintentional injuries,135928
Kansas,2014,Stroke,1363
Utah,2014,Cancer,3043
Maine,2014,Cancer,3209
Kentucky,2014,Cancer,10263
Kansas,2014,Unintentional injuries,1377
Utah,2014,Unintentional injuries,1167
Maine,2014,Suicide,220
Louisiana,2014,Diabetes,1238
Louisiana,2014,Cancer,9455
Kansas,2014,Alzheimer's disease,790
Maine,2014,Influenza and pneumonia,258
Louisiana,2014,Kidney disease,1217
United States,2014,Heart disease,614348
Utah,2014,Kidney disease,393
Louisiana,2014,Stroke,2230
Kentucky,2014,Unintentional injuries,2621
Kentucky,2014,All causes,44838
Louisiana,2014,Heart disease,10647
Kentucky,2014,Kidney disease,968
Kansas,2014,Cancer,5587
Kentucky,2014,Diabetes,1175
Maine,2014,All causes,13510
Kentucky,2014,Stroke,2050
Utah,2014,Suicide,559
United States,2014,Stroke,133103
Maine,2014,Kidney disease,223
Louisiana,2014,Unintentional injuries,2344
Louisiana,2014,All causes,43869
Louisiana,2014,CLRD,2237
Maine,2014,Alzheimer's disease,434
Utah,2014,Stroke,856
Utah,2014,Influenza and pneumonia,366
Kentucky,2014,Alzheimer's disease,1523
Kentucky,2014,Influenza and pneumonia,1017
Utah,2014,CLRD,757
Pennsylvania,2014,Influenza and pneumonia,2541
Kansas,2014,Heart disease,5479
West Virginia,2014,Alzheimer's disease,620
Colorado,2014,Stroke,1714
West Virginia,2014,All causes,22186
Colorado,2014,Cancer,7405
Colorado,2014,Unintentional injuries,2517
Colorado,2014,CLRD,2451
Wisconsin,2014,Kidney disease,980
Colorado,2014,Diabetes,835
Colorado,2014,Influenza and pneumonia,701
Wisconsin,2014,Influenza and pneumonia,1002
Colorado,2014,Alzheimer's disease,1364
Colorado,2014,Heart disease,6900
Colorado,2014,All causes,35237
California,2014,Stroke,13731
California,2014,All causes,245929
California,2014,Cancer,58412
California,2014,Heart disease,58189
California,2014,Unintentional injuries,11804
Wisconsin,2014,Cancer,11393
California,2014,Suicide,4214
California,2014,CLRD,12780
Wisconsin,2014,Suicide,769
California,2014,Kidney disease,3119
California,2014,Influenza and pneumonia,5970
California,2014,Diabetes,8249
California,2014,Alzheimer's disease,12644
Wisconsin,2014,Heart disease,11229
Colorado,2014,Suicide,1083
Colorado,2014,Kidney disease,448
Connecticut,2014,Diabetes,685
Delaware,2014,Cancer,1972
West Virginia,2014,Kidney disease,479
Delaware,2014,Heart disease,1921
Delaware,2014,Influenza and pneumonia,156
West Virginia,2014,Unintentional injuries,1380
Delaware,2014,CLRD,458
West Virginia,2014,Suicide,359
Delaware,2014,Stroke,439
Delaware,2014,All causes,8260
Delaware,2014,Alzheimer's disease,188
Delaware,2014,Diabetes,226
Delaware,2014,Kidney disease,173
Connecticut,2014,Cancer,6621
West Virginia,2014,CLRD,1578
Connecticut,2014,Stroke,1266
Connecticut,2014,Heart disease,7018
Connecticut,2014,Suicide,379
West Virginia,2014,Diabetes,818
West Virginia,2014,Stroke,1103
Connecticut,2014,Unintentional injuries,1641
Connecticut,2014,CLRD,1368
Connecticut,2014,All causes,29860
Connecticut,2014,Influenza and pneumonia,644
Connecticut,2014,Kidney disease,605
Connecticut,2014,Alzheimer's disease,923
West Virginia,2014,Heart disease,4692
West Virginia,2014,Cancer,4880
Wisconsin,2014,Diabetes,1352
Delaware,2014,Suicide,126
Wisconsin,2014,Alzheimer's disease,1876
Arkansas,2014,CLRD,2092
Wyoming,2014,Cancer,922
Alaska,2014,All causes,4128
Alaska,2014,Suicide,167
Alaska,2014,Diabetes,113
Alaska,2014,Alzheimer's disease,68
Alaska,2014,Unintentional injuries,379
Wyoming,2014,Diabetes,110
Alaska,2014,Heart disease,782
Alaska,2014,Kidney disease,45
Wyoming,2014,Suicide,120
Alaska,2014,Stroke,157
Wyoming,2014,Influenza and pneumonia,113
Alaska,2014,Influenza and pneumonia,68
Wyoming,2014,Unintentional injuries,361
Alabama,2014,Stroke,2663
Wyoming,2014,CLRD,343
Alabama,2014,Influenza and pneumonia,1031
Alabama,2014,Heart disease,12461
Alabama,2014,CLRD,3050
Alabama,2014,Diabetes,1281
Alabama,2014,Alzheimer's disease,1885
Alabama,2014,Unintentional injuries,2463
Alabama,2014,Cancer,10286
Wyoming,2014,Heart disease,1035
Alabama,2014,All causes,50215
Alabama,2014,Suicide,715
Alabama,2014,Kidney disease,1011
Alaska,2014,Cancer,972
Alaska,2014,CLRD,192
Arizona,2014,Unintentional injuries,3322
Arkansas,2014,Cancer,6546
Arkansas,2014,Heart disease,7581
Wisconsin,2014,Stroke,2511
Arkansas,2014,All causes,30467
Wisconsin,2014,All causes,50291
Wisconsin,2014,Unintentional injuries,3015
Arkansas,2014,Diabetes,828
Arkansas,2014,Influenza and pneumonia,710
Arkansas,2014,Alzheimer's disease,1193
Wisconsin,2014,CLRD,2759
Arkansas,2014,Kidney disease,672
Arkansas,2014,Stroke,1583
Arkansas,2014,Suicide,515
Arizona,2014,Cancer,11455
Arizona,2014,Alzheimer's disease,2485
Arizona,2014,Kidney disease,325
Arizona,2014,Stroke,2235
Arizona,2014,Influenza and pneumonia,779
Arizona,2014,Heart disease,10805
Wyoming,2014,Kidney disease,78
Wyoming,2014,Alzheimer's disease,162
Arizona,2014,Diabetes,1936
Wyoming,2014,Stroke,189
Arizona,2014,Suicide,1244
Wyoming,2014,All causes,4666
Arizona,2014,CLRD,3396
Arizona,2014,All causes,51538
Arkansas,2014,Unintentional injuries,1458
Kansas,2014,Suicide,455
Delaware,2014,Unintentional injuries,425
West Virginia,2014,Influenza and pneumonia,473
Indiana,2014,Influenza and pneumonia,1063
Illinois,2014,Influenza and pneumonia,2485
Illinois,2014,Kidney disease,2517
Illinois,2014,Diabetes,2712
Illinois,2014,Suicide,1398
Illinois,2014,Alzheimer's disease,3266
Illinois,2014,Stroke,5489
Illinois,2014,Heart disease,25024
Illinois,2014,Cancer,24501
Illinois,2014,All causes,105293
Virginia,2014,Unintentional injuries,3146
Virginia,2014,Stroke,3229
Indiana,2014,Diabetes,1819
Illinois,2014,Unintentional injuries,4644
Idaho,2014,Cancer,2795
Idaho,2014,Influenza and pneumonia,200
Idaho,2014,Heart disease,2676
Idaho,2014,CLRD,819
Virginia,2014,CLRD,3108
Idaho,2014,Kidney disease,137
Virginia,2014,All causes,63598
Idaho,2014,Unintentional injuries,765
Virginia,2014,Diabetes,1683
Idaho,2014,Alzheimer's disease,376
Idaho,2014,Stroke,640
Idaho,2014,Suicide,320
Illinois,2014,CLRD,5631
Vermont,2014,Kidney disease,37
Indiana,2014,Stroke,3107
Indiana,2014,Heart disease,13764
Vermont,2014,Suicide,124
Vermont,2014,Diabetes,154
Vermont,2014,Cancer,1379
Iowa,2014,Cancer,6504
Iowa,2014,Kidney disease,313
Vermont,2014,Heart disease,1311
Iowa,2014,Influenza and pneumonia,582
Iowa,2014,All causes,29190
Iowa,2014,CLRD,1915
Iowa,2014,Diabetes,1019
Vermont,2014,Unintentional injuries,322
Iowa,2014,Heart disease,6615
Vermont,2014,CLRD,333
Iowa,2014,Unintentional injuries,1517
Iowa,2014,Suicide,407
Iowa,2014,Alzheimer's disease,1313
Iowa,2014,Stroke,1433
Indiana,2014,Kidney disease,1392
Vermont,2014,Stroke,266
Vermont,2014,Alzheimer's disease,266
Indiana,2014,Unintentional injuries,2974
Indiana,2014,All causes,60940
Indiana,2014,Cancer,13519
Indiana,2014,Alzheimer's disease,2204
Indiana,2014,Suicide,948
Indiana,2014,CLRD,4029
Vermont,2014,Influenza and pneumonia,74
Idaho,2014,All causes,12613
District of Columbia,2014,Heart disease,1324
Virginia,2014,Cancer,14749
Virginia,2014,Kidney disease,1553
Florida,2014,Cancer,43212
Florida,2014,CLRD,11178
Florida,2014,Diabetes,5371
Florida,2014,Influenza and pneumonia,2719
Florida,2014,All causes,185956
Washington,2014,Heart disease,10710
Florida,2014,Unintentional injuries,9432
Washington,2014,Alzheimer's disease,3344
Florida,2014,Heart disease,44511
Florida,2014,Suicide,3035
Florida,2014,Kidney disease,3076
Florida,2014,Stroke,9770
Washington,2014,Stroke,2649
Washington,2014,Cancer,12205
Florida,2014,Alzheimer's disease,5874
District of Columbia,2014,Influenza and pneumonia,74
District of Columbia,2014,Kidney disease,49
District of Columbia,2014,Suicide,52
District of Columbia,2014,Alzheimer's disease,119
District of Columbia,2014,All causes,4723
District of Columbia,2014,Diabetes,119
Washington,2014,Unintentional injuries,2997
District of Columbia,2014,CLRD,136
District of Columbia,2014,Cancer,1116
District of Columbia,2014,Stroke,214
District of Columbia,2014,Unintentional injuries,217
Washington,2014,All causes,52099
Georgia,2014,Heart disease,17107
Washington,2014,Kidney disease,481
Georgia,2014,Diabetes,2230
Hawaii,2014,Alzheimer's disease,326
Hawaii,2014,CLRD,313
Virginia,2014,Influenza and pneumonia,1498
Hawaii,2014,Suicide,204
Hawaii,2014,Heart disease,2528
Virginia,2014,Heart disease,13874
Hawaii,2014,Unintentional injuries,476
Hawaii,2014,Kidney disease,220
Hawaii,2014,All causes,10767
Virginia,2014,Suicide,1123
Virginia,2014,Alzheimer's disease,1775
Hawaii,2014,Diabetes,276
Hawaii,2014,Stroke,655
Hawaii,2014,Influenza and pneumonia,438
Washington,2014,Suicide,1119
Hawaii,2014,Cancer,2493
Georgia,2014,Suicide,1295
Georgia,2014,Stroke,3948
Washington,2014,CLRD,2916
Georgia,2014,Influenza and pneumonia,1510
Georgia,2014,Alzheimer's disease,2670
Georgia,2014,Unintentional injuries,3963
Georgia,2014,Cancer,16684
Washington,2014,Influenza and pneumonia,729
Georgia,2014,All causes,76887
Georgia,2014,Kidney disease,1742
Washington,2014,Diabetes,1668
Idaho,2014,Diabetes,409
Georgia,2014,CLRD,4332
Missouri,2014,Diabetes,1423
United States,2014,CLRD,147101
Minnesota,2014,Unintentional injuries,2385
North Dakota,2014,Diabetes,176
North Dakota,2014,Influenza and pneumonia,174
New Jersey,2014,CLRD,3046
New Jersey,2014,Influenza and pneumonia,1234
Rhode Island,2014,All causes,9770
Montana,2014,Stroke,480
Minnesota,2014,CLRD,2277
Rhode Island,2014,Diabetes,252
Montana,2014,All causes,9381
North Dakota,2014,All causes,6184
New Hampshire,2014,Unintentional injuries,716
North Dakota,2014,Cancer,1304
Montana,2014,Unintentional injuries,581
Michigan,2014,Influenza and pneumonia,1875
Michigan,2014,Unintentional injuries,4422
Rhode Island,2014,Unintentional injuries,592
Texas,2014,Alzheimer's disease,6772
Tennessee,2014,Stroke,3326
North Dakota,2014,Suicide,137
New Jersey,2014,Heart disease,18319
Texas,2014,Unintentional injuries,9723
Minnesota,2014,Alzheimer's disease,1628
Minnesota,2014,Suicide,686
North Carolina,2014,Alzheimer's disease,3246
North Carolina,2014,Stroke,4702
Missouri,2014,Heart disease,14338
Rhode Island,2014,Influenza and pneumonia,176
Texas,2014,Cancer,38847
Minnesota,2014,Diabetes,1193
North Carolina,2014,Diabetes,2687
North Carolina,2014,Unintentional injuries,4557
South Dakota,2014,Influenza and pneumonia,181
North Dakota,2014,Kidney disease,104
Minnesota,2014,Heart disease,7659
New Jersey,2014,All causes,71316
Minnesota,2014,Stroke,2202
North Carolina,2014,Suicide,1352
Michigan,2014,All causes,93914
Rhode Island,2014,Kidney disease,135
Texas,2014,All causes,183912
New Hampshire,2014,Alzheimer's disease,396
Ohio,2014,Influenza and pneumonia,2443
Ohio,2014,Alzheimer's disease,4083
Montana,2014,Kidney disease,125
Montana,2014,Cancer,2066
New Hampshire,2014,All causes,11516
South Dakota,2014,Diabetes,224
Ohio,2014,Suicide,1491
United States,2014,Influenza and pneumonia,55227
Ohio,2014,Stroke,5791
Montana,2014,Alzheimer's disease,253
Ohio,2014,Kidney disease,2002
Ohio,2014,Unintentional injuries,6178
Ohio,2014,All causes,114509
New Hampshire,2014,Influenza and pneumonia,194
Michigan,2014,Heart disease,24692
New Hampshire,2014,Kidney disease,167
Montana,2014,Diabetes,250
Texas,2014,Heart disease,41479
Michigan,2014,Suicide,1354
Michigan,2014,Alzheimer's disease,3349
North Dakota,2014,CLRD,317
Montana,2014,Influenza and pneumonia,179
North Dakota,2014,Alzheimer's disease,364
Michigan,2014,Cancer,21169
North Dakota,2014,Stroke,325
New Mexico,2014,CLRD,1127
Michigan,2014,Kidney disease,1853
North Dakota,2014,Unintentional injuries,349
Michigan,2014,Diabetes,2844
North Dakota,2014,Heart disease,1381
New Hampshire,2014,Cancer,2698
Michigan,2014,Stroke,4596
Texas,2014,Influenza and pneumonia,3452
New Hampshire,2014,CLRD,680
Montana,2014,Suicide,251
Rhode Island,2014,Cancer,2242
Minnesota,2014,Kidney disease,676
Missouri,2014,Suicide,1017
New Mexico,2014,Influenza and pneumonia,376
New Mexico,2014,Alzheimer's disease,442
New York,2014,Unintentional injuries,5945
New Mexico,2014,Diabetes,671
Missouri,2014,Influenza and pneumonia,1321
Missouri,2014,Stroke,3030
South Carolina,2014,CLRD,2715
New York,2014,Kidney disease,2207
New Mexico,2014,Unintentional injuries,1534
New York,2014,Heart disease,43116
New York,2014,Suicide,1700
Texas,2014,Suicide,3254
South Carolina,2014,Unintentional injuries,2436
Mississippi,2014,Unintentional injuries,1712
South Carolina,2014,Influenza and pneumonia,751
New Jersey,2014,Alzheimer's disease,1962
New York,2014,CLRD,6806
New York,2014,Diabetes,4064
New York,2014,Influenza and pneumonia,4702
Mississippi,2014,CLRD,1738
New Mexico,2014,Cancer,3478
New Mexico,2014,All causes,17579
South Carolina,2014,Heart disease,9964
Texas,2014,Stroke,9898
New Mexico,2014,Stroke,822
Missouri,2014,All causes,58320
New Mexico,2014,Kidney disease,267
South Carolina,2014,All causes,45454
New Mexico,2014,Suicide,449
Mississippi,2014,Cancer,6534
Mississippi,2014,All causes,30557
Mississippi,2014,Diabetes,1015
Missouri,2014,CLRD,3762
Texas,2014,CLRD,9668
Texas,2014,Diabetes,5348
South Carolina,2014,Stroke,2393
New Mexico,2014,Heart disease,3424
Minnesota,2014,All causes,41445
Texas,2014,Kidney disease,4008
Mississippi,2014,Stroke,1584
Minnesota,2014,Cancer,9649
North Carolina,2014,Influenza and pneumonia,1874
New Jersey,2014,Diabetes,2062
South Carolina,2014,Alzheimer's disease,1938
Missouri,2014,Alzheimer's disease,2053
North Carolina,2014,Kidney disease,1791
Tennessee,2014,Alzheimer's disease,2672
New Jersey,2014,Kidney disease,1502
North Carolina,2014,Heart disease,17592
South Carolina,2014,Kidney disease,837
Missouri,2014,Cancer,13067
Minnesota,2014,Influenza and pneumonia,638
North Carolina,2014,CLRD,5023
Rhode Island,2014,Suicide,113
Tennessee,2014,CLRD,3969
North Carolina,2014,All causes,85367
Tennessee,2014,Unintentional injuries,3686
New Jersey,2014,Stroke,3419
Mississippi,2014,Suicide,380
Tennessee,2014,Cancer,14173
Missouri,2014,Unintentional injuries,3110
South Carolina,2014,Suicide,753
South Carolina,2014,Cancer,9930
Missouri,2014,Kidney disease,1452
New York,2014,Stroke,6212
New York,2014,Alzheimer's disease,2639
Mississippi,2014,Influenza and pneumonia,763
South Carolina,2014,Diabetes,1239
New Jersey,2014,Suicide,786
New York,2014,Cancer,35392
Mississippi,2014,Heart disease,7538
Mississippi,2014,Kidney disease,701
New York,2014,All causes,149944
North Carolina,2014,Cancer,19342
Mississippi,2014,Alzheimer's disease,1098
New Jersey,2014,Cancer,16591
New Jersey,2014,Unintentional injuries,2970
Ohio,2014,Heart disease,27000
South Dakota,2014,Alzheimer's disease,434
United States,2014,Kidney disease,48146
Nebraska,2014,CLRD,1123
Oklahoma,2014,All causes,38464
Pennsylvania,2014,All causes,128434
South Dakota,2014,CLRD,441
Pennsylvania,2014,Suicide,1817
Tennessee,2014,Suicide,997
Oklahoma,2014,Kidney disease,604
Oregon,2014,CLRD,1955
Oklahoma,2014,Suicide,736
Maryland,2014,CLRD,1909
Oregon,2014,Influenza and pneumonia,450
Nevada,2014,Stroke,948
Massachusetts,2014,Cancer,12787
Nevada,2014,Suicide,573
Nebraska,2014,Influenza and pneumonia,351
Nebraska,2014,Kidney disease,265
Maryland,2014,Diabetes,1305
Oklahoma,2014,Influenza and pneumonia,723
Nevada,2014,Diabetes,350
Oklahoma,2014,Unintentional injuries,2421
Oregon,2014,Alzheimer's disease,1411
Nebraska,2014,Stroke,798
Tennessee,2014,All causes,64661
Tennessee,2014,Kidney disease,1036
South Dakota,2014,Kidney disease,72
Nevada,2014,Kidney disease,365
Maryland,2014,Unintentional injuries,1674
Nevada,2014,Heart disease,5761
United States,2014,Diabetes,76488
Maryland,2014,Stroke,2469
South Dakota,2014,Suicide,141
Maryland,2014,Alzheimer's disease,934
United States,2014,Cancer,591700
Nevada,2014,Alzheimer's disease,606
Nebraska,2014,Suicide,251
Pennsylvania,2014,Stroke,6576
Nebraska,2014,Unintentional injuries,781
Maryland,2014,Suicide,606
Oklahoma,2014,Stroke,1847
Nevada,2014,CLRD,1522
Oregon,2014,Stroke,1821
Nevada,2014,All causes,21793
Pennsylvania,2014,Heart disease,31353
Pennsylvania,2014,CLRD,6422
Pennsylvania,2014,Kidney disease,2798
South Dakota,2014,Unintentional injuries,462
Oklahoma,2014,Cancer,7934
Oklahoma,2014,Alzheimer's disease,1227
Oklahoma,2014,Diabetes,1261
Nebraska,2014,Cancer,3459
Oregon,2014,Kidney disease,378
Oregon,2014,Diabetes,1083
Massachusetts,2014,Suicide,596
Nebraska,2014,Diabetes,473
Maryland,2014,All causes,45867
Montana,2014,Heart disease,1957
Massachusetts,2014,Diabetes,1202
Rhode Island,2014,Stroke,373
South Dakota,2014,Heart disease,1704
Montana,2014,CLRD,668
United States,2014,All causes,2626418
Pennsylvania,2014,Diabetes,3765
Ohio,2014,Cancer,25433
Massachusetts,2014,All causes,55200
Nebraska,2014,Heart disease,3296
United States,2014,Suicide,42826
New Hampshire,2014,Suicide,247
Ohio,2014,CLRD,6765
Nebraska,2014,All causes,15978
Maryland,2014,Kidney disease,751
Rhode Island,2014,CLRD,505
Pennsylvania,2014,Alzheimer's disease,3486
South Dakota,2014,Stroke,439
United States,2014,Alzheimer's disease,93541
New Hampshire,2014,Stroke,474
Pennsylvania,2014,Unintentional injuries,6640
Pennsylvania,2014,Cancer,28692
New Hampshire,2014,Heart disease,2464
Oregon,2014,Heart disease,6524
Ohio,2014,Diabetes,3641
Michigan,2014,CLRD,5345
Tennessee,2014,Diabetes,1727
Oregon,2014,Cancer,7863
Massachusetts,2014,Alzheimer's disease,1688
Oregon,2014,Unintentional injuries,1803
Nebraska,2014,Alzheimer's disease,515
Massachusetts,2014,Stroke,2460
Maryland,2014,Heart disease,11135
Tennessee,2014,Influenza and pneumonia,1602
Oklahoma,2014,Heart disease,9868
Oregon,2014,All causes,34151
Tennessee,2014,Heart disease,15223
Rhode Island,2014,Alzheimer's disease,403
New Hampshire,2014,Diabetes,300
Massachusetts,2014,CLRD,2592
Nevada,2014,Cancer,5015
Maryland,2014,Cancer,10759
South Dakota,2014,Cancer,1698
Massachusetts,2014,Unintentional injuries,2668
Massachusetts,2014,Kidney disease,1228
Nevada,2014,Influenza and pneumonia,687
Rhode Island,2014,Heart disease,2341
Massachusetts,2014,Influenza and pneumonia,1370
Massachusetts,2014,Heart disease,11817
Oklahoma,2014,CLRD,2772
South Dakota,2014,All causes,7507
Oregon,2014,Suicide,782
Maryland,2014,Influenza and pneumonia,1019
Nevada,2014,Unintentional injuries,1166
South Dakota,2015,Stroke,383
West Virginia,2015,CLRD,1628
Hawaii,2015,Kidney disease,202
New Jersey,2015,Suicide,789
South Carolina,2015,Unintentional injuries,2737
District of Columbia,2015,Unintentional injuries,265
Nevada,2015,CLRD,1617
New Hampshire,2015,Stroke,457
South Carolina,2015,All causes,47198
Delaware,2015,Suicide,122
Nebraska,2015,All causes,16740
New Mexico,2015,Diabetes,608
Delaware,2015,All causes,8582
New Mexico,2015,Stroke,786
Virginia,2015,Suicide,1118
West Virginia,2015,Kidney disease,510
Tennessee,2015,Suicide,1068
New Mexico,2015,Heart disease,3508
Nebraska,2015,Cancer,3514
South Carolina,2015,Cancer,9950
New Mexico,2015,Unintentional injuries,1430
West Virginia,2015,Influenza and pneumonia,526
Delaware,2015,Heart disease,1940
Delaware,2015,Cancer,2010
Virginia,2015,Kidney disease,1470
Nevada,2015,Kidney disease,316
Delaware,2015,Unintentional injuries,449
New Mexico,2015,Kidney disease,316
South Dakota,2015,All causes,7731
Washington,2015,Suicide,1137
New Mexico,2015,All causes,17685
New Mexico,2015,Influenza and pneumonia,322
Delaware,2015,Kidney disease,174
Hawaii,2015,Suicide,201
Nevada,2015,Unintentional injuries,1340
New Jersey,2015,Unintentional injuries,3218
Nevada,2015,Cancer,5015
Washington,2015,Kidney disease,474
District of Columbia,2015,Influenza and pneumonia,104
Delaware,2015,Influenza and pneumonia,189
District of Columbia,2015,Alzheimer's disease,129
Nevada,2015,Stroke,1078
South Dakota,2015,Cancer,1640
Florida,2015,Heart disease,45441
Florida,2015,Cancer,44027
Georgia,2015,Heart disease,17769
New Hampshire,2015,Unintentional injuries,815
Washington,2015,All causes,54595
Florida,2015,Unintentional injuries,10578
New Hampshire,2015,Cancer,2773
New Hampshire,2015,Diabetes,308
Georgia,2015,Diabetes,2210
Washington,2015,Diabetes,1811
Georgia,2015,Kidney disease,1881
Georgia,2015,All causes,79942
South Dakota,2015,CLRD,502
New Hampshire,2015,Suicide,228
New Hampshire,2015,Influenza and pneumonia,275
District of Columbia,2015,Suicide,34
New Hampshire,2015,All causes,11984
New Hampshire,2015,CLRD,705
Florida,2015,Alzheimer's disease,7031
New Hampshire,2015,Heart disease,2571
Florida,2015,Influenza and pneumonia,2676
Washington,2015,Heart disease,11025
South Dakota,2015,Influenza and pneumonia,213
Florida,2015,CLRD,11705
Florida,2015,Stroke,11433
New Hampshire,2015,Alzheimer's disease,432
Florida,2015,Suicide,3205
Florida,2015,Kidney disease,3203
Washington,2015,Alzheimer's disease,3490
Florida,2015,All causes,191737
South Dakota,2015,Heart disease,1711
South Dakota,2015,Suicide,173
Florida,2015,Diabetes,5403
Georgia,2015,Stroke,4335
New Jersey,2015,Diabetes,1933
Washington,2015,Influenza and pneumonia,851
Georgia,2015,CLRD,4607
District of Columbia,2015,Stroke,242
Washington,2015,CLRD,3154
South Dakota,2015,Alzheimer's disease,421
Georgia,2015,Suicide,1317
Georgia,2015,Unintentional injuries,4344
District of Columbia,2015,CLRD,147
Georgia,2015,Influenza and pneumonia,1467
South Dakota,2015,Diabetes,282
New Jersey,2015,Alzheimer's disease,2260
South Dakota,2015,Kidney disease,79
Georgia,2015,Alzheimer's disease,3714
District of Columbia,2015,Heart disease,1217
District of Columbia,2015,Cancer,1072
New Jersey,2015,Stroke,3413
Nevada,2015,Suicide,558
District of Columbia,2015,Diabetes,162
New Jersey,2015,Influenza and pneumonia,1402
New Jersey,2015,Heart disease,18647
New Jersey,2015,Cancer,16270
Nevada,2015,All causes,22879
New Jersey,2015,CLRD,3202
New Jersey,2015,All causes,72271
Nevada,2015,Alzheimer's disease,874
Washington,2015,Cancer,12687
District of Columbia,2015,Kidney disease,65
Washington,2015,Stroke,2703
Nevada,2015,Influenza and pneumonia,630
Nevada,2015,Diabetes,420
Washington,2015,Unintentional injuries,3192
New Jersey,2015,Kidney disease,1582
District of Columbia,2015,All causes,4871
South Dakota,2015,Unintentional injuries,469
Nevada,2015,Heart disease,6114
New Hampshire,2015,Kidney disease,194
Georgia,2015,Cancer,16945
West Virginia,2015,Unintentional injuries,1516
Colorado,2015,All causes,36349
Delaware,2015,Stroke,466
Oklahoma,2015,CLRD,2924
Rhode Island,2015,Heart disease,2371
Wyoming,2015,Suicide,157
Rhode Island,2015,Stroke,394
Arizona,2015,Suicide,1276
Rhode Island,2015,All causes,10163
Wyoming,2015,All causes,4778
Oklahoma,2015,Influenza and pneumonia,717
Arizona,2015,Unintentional injuries,3539
Arizona,2015,All causes,54299
Arizona,2015,Influenza and pneumonia,775
Oklahoma,2015,Alzheimer's disease,1498
Arizona,2015,Alzheimer's disease,2943
Rhode Island,2015,Diabetes,276
Arizona,2015,CLRD,3681
Wyoming,2015,Stroke,198
Rhode Island,2015,Cancer,2226
Pennsylvania,2015,All causes,132598
Oklahoma,2015,Cancer,8280
Alaska,2015,Influenza and pneumonia,41
Pennsylvania,2015,Suicide,1894
Alaska,2015,Stroke,182
Oklahoma,2015,Unintentional injuries,2422
Oklahoma,2015,Kidney disease,616
Arizona,2015,Heart disease,11458
Oklahoma,2015,Diabetes,1442
Arkansas,2015,Diabetes,886
Arkansas,2015,Alzheimer's disease,1457
Ohio,2015,CLRD,7211
Ohio,2015,Kidney disease,2100
Wisconsin,2015,Unintentional injuries,3206
Rhode Island,2015,CLRD,510
Ohio,2015,Heart disease,28069
Wisconsin,2015,CLRD,2846
Arkansas,2015,Suicide,577
Wisconsin,2015,Diabetes,1382
Arizona,2015,Kidney disease,458
Arkansas,2015,Influenza and pneumonia,700
Arkansas,2015,Kidney disease,707
Arizona,2015,Diabetes,2081
Ohio,2015,Stroke,5945
Arizona,2015,Cancer,11776
Ohio,2015,Suicide,1650
Ohio,2015,Influenza and pneumonia,2445
Ohio,2015,All causes,118188
Rhode Island,2015,Alzheimer's disease,453
Arizona,2015,Stroke,2522
Ohio,2015,Alzheimer's disease,4643
Ohio,2015,Diabetes,3645
Oklahoma,2015,Suicide,790
Oklahoma,2015,All causes,39422
Alaska,2015,All causes,4316
Alabama,2015,Heart disease,12981
Alabama,2015,All causes,51909
Oregon,2015,Stroke,1873
Wyoming,2015,Kidney disease,86
Alabama,2015,Diabetes,1255
Alabama,2015,Unintentional injuries,2552
Alabama,2015,Cancer,10354
Alabama,2015,Stroke,2937
Oregon,2015,Suicide,762
Oregon,2015,Diabetes,1148
Oregon,2015,Unintentional injuries,1999
Pennsylvania,2015,Stroke,6987
Alabama,2015,Influenza and pneumonia,1097
Wyoming,2015,Heart disease,1030
Wyoming,2015,CLRD,368
Oregon,2015,All causes,35705
Pennsylvania,2015,Cancer,28697
Oregon,2015,CLRD,2119
Pennsylvania,2015,Diabetes,3777
Alabama,2015,Alzheimer's disease,2282
Pennsylvania,2015,CLRD,6664
Pennsylvania,2015,Alzheimer's disease,4012
Alabama,2015,CLRD,3279
Oregon,2015,Alzheimer's disease,1652
Wyoming,2015,Alzheimer's disease,151
Alabama,2015,Kidney disease,1040
Alaska,2015,CLRD,204
Oklahoma,2015,Heart disease,10310
Oklahoma,2015,Stroke,1881
Alaska,2015,Alzheimer's disease,68
Wyoming,2015,Influenza and pneumonia,99
Alaska,2015,Unintentional injuries,388
Pennsylvania,2015,Heart disease,32042
Oregon,2015,Kidney disease,409
Wyoming,2015,Unintentional injuries,400
Oregon,2015,Heart disease,6859
Alaska,2015,Suicide,201
Alaska,2015,Diabetes,142
Pennsylvania,2015,Kidney disease,3021
Alaska,2015,Heart disease,846
Wyoming,2015,Diabetes,136
Oregon,2015,Cancer,8093
Pennsylvania,2015,Unintentional injuries,7324
Oregon,2015,Influenza and pneumonia,453
Alaska,2015,Cancer,978
Alaska,2015,Kidney disease,50
Pennsylvania,2015,Influenza and pneumonia,2899
Wyoming,2015,Cancer,931
Alabama,2015,Suicide,750
Ohio,2015,Cancer,25396
Wisconsin,2015,Alzheimer's disease,2087
Arkansas,2015,All causes,31617
Ohio,2015,Unintentional injuries,6756
Connecticut,2015,CLRD,1369
Connecticut,2015,Stroke,1388
Connecticut,2015,All causes,30535
New York,2015,Unintentional injuries,6515
Connecticut,2015,Alzheimer's disease,966
New York,2015,CLRD,7109
South Carolina,2015,Diabetes,1347
New York,2015,Suicide,1652
New York,2015,Stroke,6292
Connecticut,2015,Diabetes,653
Connecticut,2015,Kidney disease,584
New York,2015,All causes,153628
South Carolina,2015,CLRD,2908
Colorado,2015,Suicide,1093
South Carolina,2015,Influenza and pneumonia,848
North Carolina,2015,Kidney disease,1821
North Carolina,2015,Cancer,19322
Colorado,2015,Alzheimer's disease,1612
Colorado,2015,Stroke,1856
North Carolina,2015,Heart disease,18474
Colorado,2015,Influenza and pneumonia,659
South Carolina,2015,Alzheimer's disease,2453
Colorado,2015,Kidney disease,458
New York,2015,Diabetes,4045
New York,2015,Heart disease,44450
West Virginia,2015,Diabetes,784
New Mexico,2015,Alzheimer's disease,483
Delaware,2015,Diabetes,215
South Carolina,2015,Suicide,742
Delaware,2015,CLRD,510
Delaware,2015,Alzheimer's disease,264
Connecticut,2015,Influenza and pneumonia,667
West Virginia,2015,Suicide,340
New Mexico,2015,Cancer,3591
South Carolina,2015,Kidney disease,886
Connecticut,2015,Cancer,6666
New Mexico,2015,CLRD,1109
New York,2015,Influenza and pneumonia,4881
Connecticut,2015,Suicide,384
New York,2015,Cancer,35089
West Virginia,2015,Stroke,1079
Connecticut,2015,Heart disease,7205
New York,2015,Kidney disease,2245
West Virginia,2015,Heart disease,4727
West Virginia,2015,Cancer,4839
New York,2015,Alzheimer's disease,3174
West Virginia,2015,Alzheimer's disease,738
Connecticut,2015,Unintentional injuries,1799
West Virginia,2015,All causes,22752
Colorado,2015,CLRD,2577
New Mexico,2015,Suicide,500
South Carolina,2015,Stroke,2600
Wisconsin,2015,Influenza and pneumonia,1052
North Dakota,2015,Cancer,1320
California,2015,Alzheimer's disease,15065
California,2015,Influenza and pneumonia,6188
California,2015,Suicide,4167
California,2015,Diabetes,8845
North Dakota,2015,Kidney disease,118
Rhode Island,2015,Suicide,127
Wisconsin,2015,All causes,51264
North Dakota,2015,Alzheimer's disease,376
Rhode Island,2015,Unintentional injuries,649
California,2015,CLRD,13621
Arkansas,2015,Stroke,1653
Arkansas,2015,Heart disease,7938
North Dakota,2015,CLRD,351
Arkansas,2015,Cancer,6727
North Dakota,2015,Stroke,308
North Dakota,2015,Diabetes,195
Wisconsin,2015,Stroke,2618
North Dakota,2015,Heart disease,1323
Arkansas,2015,Unintentional injuries,1538
North Dakota,2015,Unintentional injuries,368
Arkansas,2015,CLRD,2270
North Dakota,2015,All causes,6223
California,2015,Kidney disease,3557
Wisconsin,2015,Suicide,877
California,2015,Cancer,59629
Colorado,2015,Diabetes,887
North Carolina,2015,CLRD,5221
South Carolina,2015,Heart disease,10092
North Carolina,2015,All causes,89133
North Carolina,2015,Influenza and pneumonia,2115
Colorado,2015,Unintentional injuries,2725
North Carolina,2015,Stroke,5033
Wisconsin,2015,Kidney disease,996
North Carolina,2015,Suicide,1406
Rhode Island,2015,Kidney disease,142
North Carolina,2015,Diabetes,2746
Colorado,2015,Cancer,7604
Colorado,2015,Heart disease,7009
California,2015,Stroke,15065
Wisconsin,2015,Cancer,11423
California,2015,All causes,259206
North Carolina,2015,Unintentional injuries,4991
California,2015,Heart disease,61289
Wisconsin,2015,Heart disease,11473
California,2015,Unintentional injuries,12544
North Dakota,2015,Suicide,124
Rhode Island,2015,Influenza and pneumonia,246
North Dakota,2015,Influenza and pneumonia,172
North Carolina,2015,Alzheimer's disease,3803
Virginia,2015,Influenza and pneumonia,1416
Maine,2015,Kidney disease,211
Texas,2015,Suicide,3403
Michigan,2015,Cancer,20732
Massachusetts,2015,All causes,57806
Illinois,2015,Cancer,24713
Illinois,2015,CLRD,5544
Louisiana,2015,Alzheimer's disease,2018
Mississippi,2015,Alzheimer's disease,1402
Illinois,2015,Stroke,5709
Vermont,2015,CLRD,357
Tennessee,2015,CLRD,4239
United States,2015,Stroke,140323
Missouri,2015,Kidney disease,1483
Utah,2015,Cancer,3091
Louisiana,2015,Cancer,9397
Vermont,2015,Stroke,307
Tennessee,2015,Cancer,14214
Iowa,2015,Stroke,1418
Massachusetts,2015,Unintentional injuries,3229
Illinois,2015,Influenza and pneumonia,2343
Illinois,2015,Suicide,1363
Virginia,2015,Alzheimer's disease,2248
Utah,2015,Diabetes,604
Kentucky,2015,Cancer,10312
United States,2015,Suicide,44193
Mississippi,2015,Heart disease,7969
Louisiana,2015,Kidney disease,1160
Missouri,2015,Diabetes,1468
Illinois,2015,Kidney disease,2543
Missouri,2015,Cancer,12965
Kentucky,2015,Unintentional injuries,2962
Texas,2015,All causes,189654
Michigan,2015,Unintentional injuries,4647
Illinois,2015,Diabetes,2817
Louisiana,2015,Suicide,722
Montana,2015,Alzheimer's disease,277
Iowa,2015,All causes,29600
Kansas,2015,Heart disease,5624
Vermont,2015,Heart disease,1311
Massachusetts,2015,Cancer,12750
Michigan,2015,Stroke,4666
Kansas,2015,Suicide,477
Montana,2015,CLRD,679
Illinois,2015,All causes,106872
Virginia,2015,Unintentional injuries,3429
Kentucky,2015,Diabetes,1458
Louisiana,2015,Diabetes,1199
Louisiana,2015,Heart disease,10665
Montana,2015,Kidney disease,121
Massachusetts,2015,Suicide,642
Michigan,2015,Influenza and pneumonia,1894
Texas,2015,Alzheimer's disease,8903
Virginia,2015,Stroke,3393
Iowa,2015,Cancer,6513
Louisiana,2015,CLRD,2178
Michigan,2015,Kidney disease,1921
Vermont,2015,Alzheimer's disease,298
Illinois,2015,Heart disease,25652
Louisiana,2015,Unintentional injuries,2578
Illinois,2015,Unintentional injuries,4850
Tennessee,2015,Stroke,3447
Virginia,2015,All causes,65577
Louisiana,2015,Influenza and pneumonia,753
Illinois,2015,Alzheimer's disease,3686
Mississippi,2015,Stroke,1734
Massachusetts,2015,Influenza and pneumonia,1512
United States,2015,Kidney disease,49959
Mississippi,2015,Suicide,431
Virginia,2015,CLRD,3370
Montana,2015,All causes,9942
Tennessee,2015,Unintentional injuries,3873
Utah,2015,CLRD,811
Massachusetts,2015,Diabetes,1398
Michigan,2015,Diabetes,2751
Michigan,2015,Suicide,1410
Indiana,2015,Heart disease,13948
Missouri,2015,Heart disease,14808
Mississippi,2015,Cancer,6485
Mississippi,2015,All causes,31783
Texas,2015,CLRD,10231
Kentucky,2015,CLRD,3331
Indiana,2015,Unintentional injuries,3258
Indiana,2015,Suicide,960
Kentucky,2015,Alzheimer's disease,1694
Iowa,2015,Suicide,433
Missouri,2015,Unintentional injuries,3309
Michigan,2015,CLRD,5848
United States,2015,Influenza and pneumonia,57062
Kentucky,2015,Heart disease,10077
Mississippi,2015,Kidney disease,731
Indiana,2015,Kidney disease,1450
Indiana,2015,All causes,62713
Vermont,2015,Diabetes,159
Mississippi,2015,Diabetes,1092
Mississippi,2015,Unintentional injuries,1814
Texas,2015,Unintentional injuries,9976
Missouri,2015,CLRD,3935
Utah,2015,All causes,17334
Texas,2015,Diabetes,5521
Kentucky,2015,All causes,46564
Michigan,2015,All causes,95140
United States,2015,Heart disease,633842
Iowa,2015,Alzheimer's disease,1339
Indiana,2015,Stroke,2959
Massachusetts,2015,Alzheimer's disease,1815
Missouri,2015,Suicide,1052
Missouri,2015,Influenza and pneumonia,1337
Mississippi,2015,CLRD,1924
Michigan,2015,Alzheimer's disease,3771
Kentucky,2015,Suicide,776
Louisiana,2015,Stroke,2280
Massachusetts,2015,CLRD,2784
Massachusetts,2015,Stroke,2475
Missouri,2015,Alzheimer's disease,2173
Louisiana,2015,All causes,43716
Iowa,2015,Unintentional injuries,1537
Vermont,2015,Unintentional injuries,346
Utah,2015,Heart disease,3598
Massachusetts,2015,Heart disease,12130
Vermont,2015,Kidney disease,39
Mississippi,2015,Influenza and pneumonia,791
Michigan,2015,Heart disease,24794
Indiana,2015,CLRD,4212
Indiana,2015,Cancer,13511
Vermont,2015,Influenza and pneumonia,85
Indiana,2015,Influenza and pneumonia,1044
Iowa,2015,Influenza and pneumonia,618
Kentucky,2015,Influenza and pneumonia,967
Kentucky,2015,Kidney disease,998
Iowa,2015,CLRD,2011
Indiana,2015,Diabetes,2030
Missouri,2015,All causes,59871
Kentucky,2015,Stroke,2050
Utah,2015,Unintentional injuries,1223
Indiana,2015,Alzheimer's disease,2513
Missouri,2015,Stroke,3037
United States,2015,Unintentional injuries,146571
Utah,2015,Kidney disease,363
Iowa,2015,Kidney disease,336
Montana,2015,Cancer,2130
Tennessee,2015,Alzheimer's disease,3122
Minnesota,2015,Kidney disease,639
Nebraska,2015,Alzheimer's disease,598
Tennessee,2015,Kidney disease,1090
Maryland,2015,All causes,47247
Kansas,2015,Kidney disease,582
Tennessee,2015,All causes,66570
Idaho,2015,Suicide,359
Texas,2015,Stroke,10485
Kansas,2015,Influenza and pneumonia,682
Maryland,2015,Alzheimer's disease,1095
Kansas,2015,Diabetes,684
Hawaii,2015,Heart disease,2605
Maine,2015,Suicide,235
Virginia,2015,Heart disease,14077
Kansas,2015,CLRD,1704
Hawaii,2015,Cancer,2462
Iowa,2015,Heart disease,6813
Kansas,2015,Stroke,1364
Maryland,2015,Diabetes,1243
Iowa,2015,Diabetes,1077
Idaho,2015,Kidney disease,154
United States,2015,Diabetes,79535
Nebraska,2015,Influenza and pneumonia,397
Nebraska,2015,Heart disease,3591
Maryland,2015,Kidney disease,834
Maine,2015,Unintentional injuries,802
Minnesota,2015,Stroke,2238
Tennessee,2015,Heart disease,15730
Nebraska,2015,Diabetes,553
Tennessee,2015,Diabetes,1798
Idaho,2015,Stroke,641
Vermont,2015,All causes,5919
Nebraska,2015,Stroke,776
Kansas,2015,All causes,26664
Virginia,2015,Cancer,14947
Hawaii,2015,Influenza and pneumonia,557
Maryland,2015,Cancer,10568
United States,2015,CLRD,155041
Nebraska,2015,Unintentional injuries,799
Hawaii,2015,Unintentional injuries,536
Maryland,2015,Suicide,553
Tennessee,2015,Influenza and pneumonia,1723
Utah,2015,Stroke,888
Idaho,2015,Influenza and pneumonia,218
Minnesota,2015,Suicide,730
Maine,2015,Influenza and pneumonia,333
Kansas,2015,Cancer,5604
Idaho,2015,All causes,13026
Maine,2015,Alzheimer's disease,544
Texas,2015,Cancer,39121
Hawaii,2015,Stroke,735
Minnesota,2015,Cancer,9925
Minnesota,2015,Diabetes,1221
Maine,2015,Heart disease,3009
Utah,2015,Alzheimer's disease,906
Utah,2015,Suicide,630
Maine,2015,Stroke,616
Idaho,2015,Diabetes,403
Idaho,2015,Alzheimer's disease,552
Hawaii,2015,All causes,11053
Nebraska,2015,Suicide,223
Montana,2015,Unintentional injuries,637
Minnesota,2015,Unintentional injuries,2574
Maryland,2015,CLRD,2040
Montana,2015,Influenza and pneumonia,183
Nebraska,2015,CLRD,1174
Montana,2015,Heart disease,2104
Minnesota,2015,CLRD,2351
Idaho,2015,CLRD,843
Maryland,2015,Heart disease,11481
Vermont,2015,Suicide,103
Maine,2015,Cancer,3398
Maine,2015,CLRD,1025
Montana,2015,Suicide,272
Maine,2015,All causes,14479
Kansas,2015,Unintentional injuries,1475
Maine,2015,Diabetes,407
Massachusetts,2015,Kidney disease,1228
Texas,2015,Influenza and pneumonia,3214
Hawaii,2015,Diabetes,263
Hawaii,2015,CLRD,332
Texas,2015,Kidney disease,4052
Virginia,2015,Diabetes,2044
Montana,2015,Diabetes,321
Minnesota,2015,Heart disease,7844
Hawaii,2015,Alzheimer's disease,422
Nebraska,2015,Kidney disease,264
Minnesota,2015,Influenza and pneumonia,738
Maryland,2015,Influenza and pneumonia,1176
Texas,2015,Heart disease,43298
Idaho,2015,Cancer,2849
United States,2015,Cancer,595930
United States,2015,All causes,2712630
Vermont,2015,Cancer,1399
Idaho,2015,Unintentional injuries,746
Maryland,2015,Stroke,2540
Minnesota,2015,Alzheimer's disease,1789
Utah,2015,Influenza and pneumonia,372
Minnesota,2015,All causes,42800
Idaho,2015,Heart disease,2825
United States,2015,Alzheimer's disease,110561
Kansas,2015,Alzheimer's disease,865
Maryland,2015,Unintentional injuries,1903
Montana,2015,Stroke,458
Kentucky,2016,CLRD,3486
Wisconsin,2016,Cancer,11498
Wisconsin,2016,Influenza and pneumonia,888
Ohio,2016,Suicide,1707
California,2016,Diabetes,9124
Arkansas,2016,All causes,31756
Arkansas,2016,Diabetes,920
Ohio,2016,All causes,119572
Vermont,2016,All causes,5909
Wisconsin,2016,Diabetes,1440
North Dakota,2016,Diabetes,171
Kansas,2016,CLRD,1654
Kansas,2016,Heart disease,5672
Minnesota,2016,Diabetes,1265
Michigan,2016,Alzheimer's disease,4249
Michigan,2016,Diabetes,2672
Kentucky,2016,Suicide,756
Arkansas,2016,Alzheimer's disease,1475
Kentucky,2016,Alzheimer's disease,1728
California,2016,Kidney disease,3640
Rhode Island,2016,Heart disease,2256
Wisconsin,2016,Suicide,866
Michigan,2016,Suicide,1364
Ohio,2016,Influenza and pneumonia,2187
North Dakota,2016,Kidney disease,106
Wisconsin,2016,Unintentional injuries,3575
Arkansas,2016,Cancer,6612
Rhode Island,2016,Influenza and pneumonia,165
North Dakota,2016,Stroke,311
Michigan,2016,Cancer,20870
Rhode Island,2016,Unintentional injuries,675
North Dakota,2016,Unintentional injuries,371
Arkansas,2016,Heart disease,8090
Kansas,2016,Suicide,514
Michigan,2016,Stroke,4874
Arkansas,2016,CLRD,2169
North Dakota,2016,CLRD,314
Wisconsin,2016,All causes,51815
Rhode Island,2016,All causes,9735
Rhode Island,2016,Suicide,126
California,2016,Unintentional injuries,13213
Michigan,2016,Unintentional injuries,5313
Utah,2016,Heart disease,3636
Michigan,2016,Influenza and pneumonia,1672
California,2016,Cancer,59515
North Dakota,2016,Alzheimer's disease,361
Michigan,2016,CLRD,5572
Kansas,2016,Cancer,5484
Rhode Island,2016,Diabetes,239
Kentucky,2016,Diabetes,1479
Kansas,2016,Influenza and pneumonia,522
Arkansas,2016,Unintentional injuries,1604
Kentucky,2016,Stroke,2057
Kentucky,2016,All causes,47827
Michigan,2016,Heart disease,25304
North Dakota,2016,Influenza and pneumonia,134
Wisconsin,2016,Alzheimer's disease,2256
Ohio,2016,Cancer,25509
Rhode Island,2016,CLRD,445
Kentucky,2016,Kidney disease,1034
Kentucky,2016,Heart disease,10519
Ohio,2016,Unintentional injuries,7999
California,2016,Heart disease,61573
Ohio,2016,Alzheimer's disease,5031
Utah,2016,Diabetes,624
Utah,2016,Kidney disease,370
Kansas,2016,Diabetes,727
North Dakota,2016,All causes,6242
California,2016,Influenza and pneumonia,5981
Kansas,2016,Unintentional injuries,1444
Wisconsin,2016,Stroke,2481
North Dakota,2016,Cancer,1253
California,2016,Suicide,4294
California,2016,CLRD,13710
Kansas,2016,All causes,26245
Minnesota,2016,Stroke,2197
North Dakota,2016,Heart disease,1338
North Dakota,2016,Suicide,140
Arkansas,2016,Stroke,1643
Nebraska,2016,Suicide,246
Ohio,2016,Stroke,5987
Maryland,2016,Unintentional injuries,2271
Maine,2016,Suicide,226
Alaska,2016,Cancer,995
Maine,2016,Influenza and pneumonia,231
Maryland,2016,Diabetes,1358
Maryland,2016,CLRD,2072
Maine,2016,Stroke,663
Wyoming,2016,Unintentional injuries,371
Wyoming,2016,Alzheimer's disease,138
Maine,2016,Alzheimer's disease,577
Alaska,2016,Kidney disease,53
Maryland,2016,Kidney disease,823
Pennsylvania,2016,All causes,133040
Wyoming,2016,Heart disease,1051
Utah,2016,CLRD,875
Pennsylvania,2016,Heart disease,31990
Maryland,2016,All causes,48824
Oregon,2016,Cancer,8078
Alaska,2016,Influenza and pneumonia,61
Oklahoma,2016,Cancer,8115
Oklahoma,2016,Diabetes,1393
Alaska,2016,Unintentional injuries,439
Oregon,2016,Heart disease,6968
United States,2016,Stroke,142142
Utah,2016,Influenza and pneumonia,380
Alaska,2016,Heart disease,831
Maryland,2016,Cancer,10911
Oregon,2016,Kidney disease,398
Pennsylvania,2016,Influenza and pneumonia,2491
United States,2016,Kidney disease,50046
Alaska,2016,Alzheimer's disease,111
Utah,2016,Stroke,932
Oregon,2016,Influenza and pneumonia,452
Louisiana,2016,All causes,44306
Maine,2016,Heart disease,2907
Alaska,2016,Suicide,193
Wyoming,2016,Diabetes,112
Oregon,2016,Diabetes,1240
Oregon,2016,All causes,35778
United States,2016,Diabetes,80058
Alabama,2016,Unintentional injuries,2755
Alabama,2016,CLRD,3326
Maryland,2016,Stroke,2709
Maine,2016,Diabetes,463
Maryland,2016,Alzheimer's disease,1178
Wyoming,2016,Influenza and pneumonia,99
Oregon,2016,CLRD,2080
Maryland,2016,Suicide,586
United States,2016,CLRD,154596
Maine,2016,CLRD,928
Pennsylvania,2016,Cancer,28492
Alabama,2016,Diabetes,1183
Pennsylvania,2016,Suicide,1970
Pennsylvania,2016,Alzheimer's disease,4185
Oregon,2016,Unintentional injuries,2105
Oregon,2016,Alzheimer's disease,1786
Pennsylvania,2016,Diabetes,3560
Oregon,2016,Suicide,772
Maine,2016,Unintentional injuries,909
Alabama,2016,All causes,52466
Maryland,2016,Influenza and pneumonia,1025
Maine,2016,All causes,14182
Oregon,2016,Stroke,1943
Alabama,2016,Suicide,788
Maryland,2016,Heart disease,11390
Alabama,2016,Heart disease,12832
Maine,2016,Kidney disease,239
Alabama,2016,Influenza and pneumonia,987
Wyoming,2016,Suicide,144
Alabama,2016,Alzheimer's disease,2507
United States,2016,Heart disease,635260
Maine,2016,Cancer,3275
Alabama,2016,Cancer,10419
Alabama,2016,Stroke,2967
Alabama,2016,Kidney disease,1012
Louisiana,2016,Alzheimer's disease,2195
Pennsylvania,2016,Unintentional injuries,8410
Pennsylvania,2016,CLRD,6523
Ohio,2016,CLRD,7015
Arizona,2016,Stroke,2556
Massachusetts,2016,Alzheimer's disease,1708
Massachusetts,2016,Unintentional injuries,3831
Arizona,2016,Kidney disease,487
Massachusetts,2016,All causes,56961
Arizona,2016,Cancer,11876
United States,2016,Cancer,598038
Louisiana,2016,Unintentional injuries,2710
Massachusetts,2016,CLRD,2674
Oklahoma,2016,Unintentional injuries,2592
Rhode Island,2016,Alzheimer's disease,422
Arizona,2016,Suicide,1271
Arizona,2016,Diabetes,2025
Massachusetts,2016,Influenza and pneumonia,1251
Massachusetts,2016,Cancer,12717
Ohio,2016,Diabetes,3568
Wyoming,2016,CLRD,327
Massachusetts,2016,Heart disease,11921
Utah,2016,Unintentional injuries,1211
Kentucky,2016,Unintentional injuries,3194
Arkansas,2016,Suicide,555
Wisconsin,2016,CLRD,2786
Arkansas,2016,Influenza and pneumonia,623
United States,2016,Unintentional injuries,161374
Arkansas,2016,Kidney disease,722
Louisiana,2016,Cancer,9149
Utah,2016,All causes,17913
Arizona,2016,Heart disease,11957
Ohio,2016,Heart disease,27410
Ohio,2016,Kidney disease,2262
Kentucky,2016,Cancer,10363
Kentucky,2016,Influenza and pneumonia,888
Michigan,2016,All causes,96231
United States,2016,Alzheimer's disease,116103
Michigan,2016,Kidney disease,1791
Oklahoma,2016,Heart disease,10209
Kansas,2016,Kidney disease,533
Oklahoma,2016,Stroke,1859
Massachusetts,2016,Stroke,2468
Massachusetts,2016,Diabetes,1268
Wyoming,2016,Kidney disease,66
Louisiana,2016,CLRD,2221
United States,2016,Influenza and pneumonia,51537
Louisiana,2016,Kidney disease,1153
Massachusetts,2016,Suicide,631
Louisiana,2016,Influenza and pneumonia,720
Louisiana,2016,Heart disease,10943
Wyoming,2016,Cancer,962
Oklahoma,2016,All causes,39276
Pennsylvania,2016,Kidney disease,2813
Oklahoma,2016,Kidney disease,577
Pennsylvania,2016,Stroke,6730
Alaska,2016,CLRD,238
Alaska,2016,Diabetes,124
Alaska,2016,All causes,4494
Utah,2016,Suicide,620
Oklahoma,2016,Suicide,822
Utah,2016,Cancer,3125
Rhode Island,2016,Stroke,399
Arizona,2016,CLRD,3800
United States,2016,Suicide,44965
Louisiana,2016,Diabetes,1324
Arizona,2016,Influenza and pneumonia,885
Arizona,2016,Alzheimer's disease,3082
Arizona,2016,All causes,56645
Alaska,2016,Stroke,196
Oklahoma,2016,Alzheimer's disease,1590
Wyoming,2016,All causes,4722
Massachusetts,2016,Kidney disease,1139
Oklahoma,2016,CLRD,2794
Oklahoma,2016,Influenza and pneumonia,546
Louisiana,2016,Suicide,677
Wyoming,2016,Stroke,208
Utah,2016,Alzheimer's disease,904
Arizona,2016,Unintentional injuries,4010
Louisiana,2016,Stroke,2322
Mississippi,2016,CLRD,2116
Minnesota,2016,Influenza and pneumonia,529
South Dakota,2016,Suicide,163
Illinois,2016,Heart disease,25013
Virginia,2016,Stroke,3502
New Hampshire,2016,Unintentional injuries,924
New Hampshire,2016,All causes,12203
New Hampshire,2016,Suicide,244
South Dakota,2016,Influenza and pneumonia,195
New Hampshire,2016,Cancer,2875
Illinois,2016,Influenza and pneumonia,2178
Illinois,2016,All causes,107020
Tennessee,2016,Alzheimer's disease,3250
Illinois,2016,Alzheimer's disease,3877
New Hampshire,2016,CLRD,684
Washington,2016,All causes,54769
Florida,2016,Suicide,3143
South Dakota,2016,Kidney disease,90
Florida,2016,Unintentional injuries,12561
Florida,2016,Cancer,44266
Florida,2016,Heart disease,45659
Florida,2016,Kidney disease,3144
Montana,2016,Alzheimer's disease,314
Idaho,2016,Cancer,2884
Florida,2016,Diabetes,5782
South Dakota,2016,Cancer,1694
Washington,2016,Stroke,2910
Florida,2016,Alzheimer's disease,7155
Washington,2016,Cancer,12594
Florida,2016,Influenza and pneumonia,2808
Montana,2016,Cancer,2031
Montana,2016,Stroke,440
Idaho,2016,Influenza and pneumonia,207
Idaho,2016,Heart disease,2969
Montana,2016,Diabetes,311
New Hampshire,2016,Influenza and pneumonia,203
South Dakota,2016,CLRD,426
Montana,2016,Kidney disease,155
New Hampshire,2016,Stroke,490
Florida,2016,All causes,197313
Washington,2016,Heart disease,11161
Montana,2016,Heart disease,2138
Montana,2016,All causes,9905
Illinois,2016,Unintentional injuries,5508
South Dakota,2016,Diabetes,253
District of Columbia,2016,Diabetes,127
District of Columbia,2016,All causes,5037
Tennessee,2016,CLRD,4318
New Jersey,2016,All causes,73155
New Jersey,2016,CLRD,3064
Illinois,2016,Kidney disease,2518
New Jersey,2016,Influenza and pneumonia,1208
Tennessee,2016,Unintentional injuries,4238
District of Columbia,2016,Cancer,1044
New Jersey,2016,Suicide,687
Missouri,2016,Alzheimer's disease,2302
Virginia,2016,Alzheimer's disease,2408
District of Columbia,2016,Unintentional injuries,401
District of Columbia,2016,CLRD,152
Illinois,2016,Suicide,1415
South Carolina,2016,Alzheimer's disease,2481
Washington,2016,Unintentional injuries,3221
District of Columbia,2016,Influenza and pneumonia,78
Illinois,2016,Diabetes,2781
District of Columbia,2016,Alzheimer's disease,120
Tennessee,2016,Stroke,3508
Montana,2016,CLRD,722
South Dakota,2016,Unintentional injuries,505
New Jersey,2016,Unintentional injuries,3839
Illinois,2016,CLRD,5632
New Jersey,2016,Kidney disease,1535
Illinois,2016,Cancer,24389
District of Columbia,2016,Suicide,40
Missouri,2016,Stroke,3069
District of Columbia,2016,Kidney disease,57
Missouri,2016,Cancer,12696
Washington,2016,Alzheimer's disease,3269
New Jersey,2016,Alzheimer's disease,2435
Missouri,2016,CLRD,3961
New Jersey,2016,Heart disease,18597
District of Columbia,2016,Stroke,252
Illinois,2016,Stroke,5658
New Jersey,2016,Cancer,16377
Missouri,2016,Diabetes,1508
Montana,2016,Influenza and pneumonia,147
New Hampshire,2016,Alzheimer's disease,430
Nebraska,2016,Unintentional injuries,772
Nevada,2016,Cancer,5214
Hawaii,2016,All causes,10913
Hawaii,2016,Unintentional injuries,577
Nebraska,2016,Stroke,787
Nebraska,2016,Diabetes,501
Nebraska,2016,Heart disease,3322
Tennessee,2016,All causes,67857
Nevada,2016,All causes,23902
Georgia,2016,Cancer,17184
Nevada,2016,Stroke,1096
Nevada,2016,Influenza and pneumonia,567
Tennessee,2016,Diabetes,1883
Nevada,2016,Diabetes,580
South Dakota,2016,All causes,7845
Washington,2016,CLRD,3036
Idaho,2016,Suicide,351
Virginia,2016,Heart disease,14124
South Dakota,2016,Stroke,420
Nevada,2016,Unintentional injuries,1395
Virginia,2016,Suicide,1166
Hawaii,2016,CLRD,342
Tennessee,2016,Kidney disease,1150
Hawaii,2016,Alzheimer's disease,445
Hawaii,2016,Cancer,2401
Virginia,2016,Influenza and pneumonia,1177
Hawaii,2016,Suicide,174
Virginia,2016,Diabetes,2062
Hawaii,2016,Diabetes,285
Hawaii,2016,Kidney disease,215
Tennessee,2016,Influenza and pneumonia,1533
South Dakota,2016,Alzheimer's disease,449
Hawaii,2016,Stroke,675
Nebraska,2016,Influenza and pneumonia,342
Nevada,2016,CLRD,1778
Virginia,2016,Cancer,15027
Hawaii,2016,Heart disease,2488
Hawaii,2016,Influenza and pneumonia,507
Virginia,2016,Kidney disease,1543
Virginia,2016,CLRD,3233
Nebraska,2016,All causes,16217
Nebraska,2016,Cancer,3477
Georgia,2016,Stroke,4349
Georgia,2016,Unintentional injuries,4701
Georgia,2016,Alzheimer's disease,4021
Idaho,2016,Kidney disease,190
Virginia,2016,Unintentional injuries,3710
Montana,2016,Suicide,267
Georgia,2016,Suicide,1409
Montana,2016,Unintentional injuries,626
Washington,2016,Kidney disease,532
United States,2016,All causes,2744248
Virginia,2016,All causes,66473
Florida,2016,CLRD,11970
Idaho,2016,Alzheimer's disease,607
Florida,2016,Stroke,11854
Idaho,2016,CLRD,865
New Hampshire,2016,Heart disease,2631
New Hampshire,2016,Kidney disease,161
Tennessee,2016,Suicide,1111
Washington,2016,Suicide,1141
Nebraska,2016,Alzheimer's disease,634
Georgia,2016,Influenza and pneumonia,1423
Tennessee,2016,Heart disease,15429
Idaho,2016,Diabetes,375
Georgia,2016,All causes,81428
Washington,2016,Influenza and pneumonia,815
Nevada,2016,Alzheimer's disease,686
Idaho,2016,Unintentional injuries,849
Nevada,2016,Heart disease,6457
Washington,2016,Diabetes,1673
Georgia,2016,CLRD,4805
Georgia,2016,Kidney disease,1864
Nebraska,2016,Kidney disease,220
Idaho,2016,Stroke,682
Georgia,2016,Diabetes,2238
Idaho,2016,All causes,13366
Nevada,2016,Kidney disease,274
Nevada,2016,Suicide,650
South Dakota,2016,Heart disease,1729
New Hampshire,2016,Diabetes,316
Texas,2016,Suicide,3488
District of Columbia,2016,Heart disease,1375
Missouri,2016,Heart disease,14579
Iowa,2016,Influenza and pneumonia,504
Colorado,2016,Stroke,1927
Mississippi,2016,Influenza and pneumonia,785
Texas,2016,Influenza and pneumonia,2860
South Carolina,2016,CLRD,2870
Vermont,2016,Heart disease,1366
Mississippi,2016,Suicide,383
Mississippi,2016,Heart disease,7865
North Carolina,2016,Unintentional injuries,5476
Vermont,2016,Suicide,118
Mississippi,2016,Stroke,1705
Nebraska,2016,CLRD,1117
Colorado,2016,Unintentional injuries,2880
Texas,2016,Kidney disease,4125
North Carolina,2016,Cancer,19523
Colorado,2016,Alzheimer's disease,1835
South Carolina,2016,Kidney disease,897
New York,2016,All causes,154358
Vermont,2016,Cancer,1356
Connecticut,2016,Diabetes,699
Vermont,2016,Alzheimer's disease,310
New York,2016,Heart disease,44076
Iowa,2016,Stroke,1388
Texas,2016,Heart disease,43772
Connecticut,2016,Suicide,397
Mississippi,2016,Kidney disease,763
New York,2016,Suicide,1679
Connecticut,2016,CLRD,1425
New York,2016,Influenza and pneumonia,4513
Iowa,2016,Alzheimer's disease,1415
Vermont,2016,CLRD,355
Connecticut,2016,All causes,30543
New York,2016,Alzheimer's disease,3349
Connecticut,2016,Heart disease,7051
Connecticut,2016,Alzheimer's disease,1035
Iowa,2016,Kidney disease,352
West Virginia,2016,Stroke,1039
Iowa,2016,Heart disease,6937
Iowa,2016,Diabetes,847
Texas,2016,Diabetes,5470
Colorado,2016,Suicide,1168
Colorado,2016,All causes,37530
Minnesota,2016,All causes,43078
Vermont,2016,Unintentional injuries,372
North Carolina,2016,Diabetes,2811
Rhode Island,2016,Cancer,2171
California,2016,Alzheimer's disease,15570
Minnesota,2016,Heart disease,7825
California,2016,Stroke,15680
North Carolina,2016,Suicide,1373
Kansas,2016,Stroke,1363
North Carolina,2016,Stroke,4940
Minnesota,2016,Alzheimer's disease,2219
North Carolina,2016,Heart disease,18266
Minnesota,2016,Cancer,9857
Wisconsin,2016,Heart disease,11526
California,2016,All causes,262240
Minnesota,2016,CLRD,2369
Vermont,2016,Diabetes,166
Colorado,2016,Heart disease,7277
South Carolina,2016,Cancer,10356
North Carolina,2016,All causes,90465
Wisconsin,2016,Kidney disease,960
Texas,2016,Cancer,40195
South Carolina,2016,Diabetes,1369
Colorado,2016,Kidney disease,491
North Carolina,2016,Kidney disease,2002
Colorado,2016,Diabetes,938
Colorado,2016,Cancer,7928
North Carolina,2016,Alzheimer's disease,4153
Iowa,2016,Unintentional injuries,1608
North Carolina,2016,Influenza and pneumonia,1896
Minnesota,2016,Kidney disease,588
Colorado,2016,CLRD,2575
Iowa,2016,Suicide,451
North Carolina,2016,CLRD,5311
Kansas,2016,Alzheimer's disease,855
Colorado,2016,Influenza and pneumonia,533
Minnesota,2016,Unintentional injuries,2697
Minnesota,2016,Suicide,745
Rhode Island,2016,Kidney disease,141
New Jersey,2016,Diabetes,1949
Iowa,2016,CLRD,2006
Mississippi,2016,All causes,31741
New Mexico,2016,Heart disease,3800
Delaware,2016,Cancer,2124
Vermont,2016,Kidney disease,30
Texas,2016,Stroke,10673
New Mexico,2016,Suicide,471
Indiana,2016,Suicide,1034
Indiana,2016,Influenza and pneumonia,962
Delaware,2016,Kidney disease,208
West Virginia,2016,CLRD,1599
West Virginia,2016,Unintentional injuries,1705
Indiana,2016,Alzheimer's disease,2678
Indiana,2016,Unintentional injuries,3496
Delaware,2016,Diabetes,203
New Mexico,2016,Cancer,3560
Texas,2016,Alzheimer's disease,9135
Missouri,2016,Suicide,1133
New Mexico,2016,CLRD,1131
Tennessee,2016,Cancer,14450
New Mexico,2016,Alzheimer's disease,583
New Mexico,2016,Unintentional injuries,1487
Indiana,2016,Heart disease,13952
Missouri,2016,All causes,59873
Indiana,2016,Kidney disease,1411
South Carolina,2016,Influenza and pneumonia,690
South Carolina,2016,All causes,48130
Indiana,2016,CLRD,4214
Delaware,2016,CLRD,544
West Virginia,2016,Kidney disease,481
New Jersey,2016,Stroke,3401
Missouri,2016,Kidney disease,1483
Vermont,2016,Influenza and pneumonia,59
West Virginia,2016,Suicide,362
New Mexico,2016,Diabetes,678
Missouri,2016,Influenza and pneumonia,1150
Delaware,2016,Suicide,119
South Carolina,2016,Stroke,2627
Delaware,2016,Heart disease,1974
Missouri,2016,Unintentional injuries,3625
South Carolina,2016,Suicide,815
Mississippi,2016,Cancer,6568
New Mexico,2016,Influenza and pneumonia,353
Indiana,2016,Cancer,13424
New York,2016,Kidney disease,2385
West Virginia,2016,Heart disease,4767
Vermont,2016,Stroke,247
New York,2016,Unintentional injuries,7354
South Carolina,2016,Heart disease,10195
New York,2016,CLRD,6860
Iowa,2016,Cancer,6432
Connecticut,2016,Unintentional injuries,1978
Texas,2016,All causes,191966
West Virginia,2016,All causes,22732
Texas,2016,CLRD,10107
West Virginia,2016,Alzheimer's disease,786
New York,2016,Diabetes,4038
Connecticut,2016,Influenza and pneumonia,572
Mississippi,2016,Alzheimer's disease,1485
Connecticut,2016,Kidney disease,570
West Virginia,2016,Cancer,4659
Connecticut,2016,Cancer,6696
Delaware,2016,All causes,8874
West Virginia,2016,Diabetes,860
Mississippi,2016,Unintentional injuries,1803
New Mexico,2016,Stroke,885
Delaware,2016,Influenza and pneumonia,132
Delaware,2016,Stroke,506
Indiana,2016,Diabetes,1992
South Carolina,2016,Unintentional injuries,3012
Indiana,2016,All causes,63473
New Mexico,2016,Kidney disease,293
Delaware,2016,Alzheimer's disease,329
Delaware,2016,Unintentional injuries,516
New Mexico,2016,All causes,18365
West Virginia,2016,Influenza and pneumonia,423
Mississippi,2016,Diabetes,1084
Texas,2016,Unintentional injuries,10536
New York,2016,Cancer,35368
Connecticut,2016,Stroke,1269
New York,2016,Stroke,6258
Indiana,2016,Stroke,3040
Iowa,2016,All causes,29538
Georgia,2016,Heart disease,18143
